Workbook

Sheet PREPAYMENT
A1: REPORT_DATE | B1: BRANCH | C1: CUSTOMER_NO | D1: CUSTOMER_EX_NO | E1: NOTIONAL | F1: CURRENCY | G1: INTEREST_RATE | H1: GL_CODE_LONG | I1: OPENING_DATE | J1: EFFECTIVE_DATE | K1: MATURITY | L1: PRODUCT_CODE | M1: CUSTOMER_ID
A2: 45901 | B2: 4444 | C2: 123456 | D2: 9001 | E2: 1000000 | F2: USD | G2: 3.5 | H2: 140302 | I2: =PREPAYMENT!$A2 -> 45901 | J2: =PREPAYMENT!$A2 -> 45901 | K2: =J2+90 -> 45991 | L2: Taksitli.Ticari.Kredi | M2: 4444//123456//9001//Taksitli.Ticari.Kredi
A3: 45901 | B3: 4444 | C3: 123456 | D3: 9001 | E3: 1000000 | F3: TRY | G3: 47 | H3: 118202 | I3: =PREPAYMENT!$A3 -> 45901 | J3: =PREPAYMENT!$A3 -> 45901 | K3: =J3+90 -> 45991 | L3: İhtiyac.Kredisi | M3: 4444//123456//9001//İhtiyac.Kredisi
A4: =A2+1 -> 45902 | B4: 4444 | C4: 123456 | D4: 9001 | E4: 1000000 | F4: USD | G4: 3.5 | H4: 140302 | I4: =PREPAYMENT!$A4 -> 45902 | J4: =PREPAYMENT!$A4 -> 45902 | K4: =J4+90 -> 45992 | L4: Taksitli.Ticari.Kredi | M4: 4444//123456//9001//Taksitli.Ticari.Kredi
A5: =A3+1 -> 45902 | B5: 4444 | C5: 123456 | D5: 9001 | E5: 1000000 | F5: TRY | G5: 47 | H5: 118202 | I5: =PREPAYMENT!$A5 -> 45902 | J5: =PREPAYMENT!$A5 -> 45902 | K5: =J5+90 -> 45992 | L5: İhtiyac.Kredisi | M5: 4444//123456//9001//İhtiyac.Kredisi
A6: =A4+1 -> 45903 | B6: 4444 | C6: 123456 | D6: 9001 | E6: 1000000 | F6: USD | G6: 3.5 | H6: 140302 | I6: =PREPAYMENT!$A6 -> 45903 | J6: =PREPAYMENT!$A6 -> 45903 | K6: =J6+90 -> 45993 | L6: Taksitli.Ticari.Kredi | M6: 4444//123456//9001//Taksitli.Ticari.Kredi
A7: =A5+1 -> 45903 | B7: 4444 | C7: 123456 | D7: 9001 | E7: 1000000 | F7: TRY | G7: 47 | H7: 118202 | I7: =PREPAYMENT!$A7 -> 45903 | J7: =PREPAYMENT!$A7 -> 45903 | K7: =J7+90 -> 45993 | L7: İhtiyac.Kredisi | M7: 4444//123456//9001//İhtiyac.Kredisi
A8: =A6+1 -> 45904 | B8: 4444 | C8: 123456 | D8: 9001 | E8: 1000000 | F8: USD | G8: 3.5 | H8: 140302 | I8: =PREPAYMENT!$A8 -> 45904 | J8: =PREPAYMENT!$A8 -> 45904 | K8: =J8+90 -> 45994 | L8: Taksitli.Ticari.Kredi | M8: 4444//123456//9001//Taksitli.Ticari.Kredi
A9: =A7+1 -> 45904 | B9: 4444 | C9: 123456 | D9: 9001 | E9: 1000000 | F9: TRY | G9: 47 | H9: 118202 | I9: =PREPAYMENT!$A9 -> 45904 | J9: =PREPAYMENT!$A9 -> 45904 | K9: =J9+90 -> 45994 | L9: İhtiyac.Kredisi | M9: 4444//123456//9001//İhtiyac.Kredisi
A10: =A8+1 -> 45905 | B10: 4444 | C10: 123456 | D10: 9001 | E10: 1000000 | F10: USD | G10: 3.5 | H10: 140302 | I10: =PREPAYMENT!$A10 -> 45905 | J10: =PREPAYMENT!$A10 -> 45905 | K10: =J10+90 -> 45995 | L10: Taksitli.Ticari.Kredi | M10: 4444//123456//9001//Taksitli.Ticari.Kredi
A11: =A9+1 -> 45905 | B11: 4444 | C11: 123456 | D11: 9001 | E11: 1000000 | F11: TRY | G11: 47 | H11: 118202 | I11: =PREPAYMENT!$A11 -> 45905 | J11: =PREPAYMENT!$A11 -> 45905 | K11: =J11+90 -> 45995 | L11: İhtiyac.Kredisi | M11: 4444//123456//9001//İhtiyac.Kredisi
A12: 45908 | B12: 4444 | C12: 123456 | D12: 9001 | E12: 1000000 | F12: USD | G12: 3.5 | H12: 140302 | I12: =PREPAYMENT!$A12 -> 45908 | J12: =PREPAYMENT!$A12 -> 45908 | K12: =J12+180 -> 46088 | L12: Taksitli.Ticari.Kredi | M12: 4444//123456//9001//Taksitli.Ticari.Kredi
A13: 45908 | B13: 4444 | C13: 123456 | D13: 9001 | E13: 1000000 | F13: TRY | G13: 47 | H13: 118202 | I13: =PREPAYMENT!$A13 -> 45908 | J13: =PREPAYMENT!$A13 -> 45908 | K13: =J13+180 -> 46088 | L13: İhtiyac.Kredisi | M13: 4444//123456//9001//İhtiyac.Kredisi
A14: =A12+1 -> 45909 | B14: 4444 | C14: 123456 | D14: 9001 | E14: 1000000 | F14: USD | G14: 3.5 | H14: 140302 | I14: =PREPAYMENT!$A14 -> 45909 | J14: =PREPAYMENT!$A14 -> 45909 | K14: =J14+180 -> 46089 | L14: Taksitli.Ticari.Kredi | M14: 4444//123456//9001//Taksitli.Ticari.Kredi
A15: =A13+1 -> 45909 | B15: 4444 | C15: 123456 | D15: 9001 | E15: 1000000 | F15: TRY | G15: 47 | H15: 118202 | I15: =PREPAYMENT!$A15 -> 45909 | J15: =PREPAYMENT!$A15 -> 45909 | K15: =J15+180 -> 46089 | L15: İhtiyac.Kredisi | M15: 4444//123456//9001//İhtiyac.Kredisi
A16: =A14+1 -> 45910 | B16: 4444 | C16: 123456 | D16: 9001 | E16: 1000000 | F16: USD | G16: 3.5 | H16: 140302 | I16: =PREPAYMENT!$A16 -> 45910 | J16: =PREPAYMENT!$A16 -> 45910 | K16: =J16+180 -> 46090 | L16: Taksitli.Ticari.Kredi | M16: 4444//123456//9001//Taksitli.Ticari.Kredi
A17: =A15+1 -> 45910 | B17: 4444 | C17: 123456 | D17: 9001 | E17: 1000000 | F17: TRY | G17: 47 | H17: 118202 | I17: =PREPAYMENT!$A17 -> 45910 | J17: =PREPAYMENT!$A17 -> 45910 | K17: =J17+180 -> 46090 | L17: İhtiyac.Kredisi | M17: 4444//123456//9001//İhtiyac.Kredisi
A18: =A16+1 -> 45911 | B18: 4444 | C18: 123456 | D18: 9001 | E18: 1000000 | F18: USD | G18: 90.5 | H18: 96102 | I18: =PREPAYMENT!$A18 -> 45911 | J18: =PREPAYMENT!$A18 -> 45911 | K18: =J18+180 -> 46091 | L18: Taksitli.Ticari.Kredi | M18: 4444//123456//9001//Taksitli.Ticari.Kredi
A19: =A17+1 -> 45911 | B19: 4444 | C19: 123456 | D19: 9001 | E19: 1000000 | F19: TRY | G19: 134 | H19: 74002 | I19: =PREPAYMENT!$A19 -> 45911 | J19: =PREPAYMENT!$A19 -> 45911 | K19: =J19+180 -> 46091 | L19: İhtiyac.Kredisi | M19: 4444//123456//9001//İhtiyac.Kredisi
A20: =A18+1 -> 45912 | B20: 4444 | C20: 123456 | D20: 9001 | E20: 1000000 | F20: USD | G20: 177.5 | H20: 51902 | I20: =PREPAYMENT!$A20 -> 45912 | J20: =PREPAYMENT!$A20 -> 45912 | K20: =J20+180 -> 46092 | L20: Taksitli.Ticari.Kredi | M20: 4444//123456//9001//Taksitli.Ticari.Kredi
A21: =A19+1 -> 45912 | B21: 4444 | C21: 123456 | D21: 9001 | E21: 1000000 | F21: TRY | G21: 221 | H21: 29802 | I21: =PREPAYMENT!$A21 -> 45912 | J21: =PREPAYMENT!$A21 -> 45912 | K21: =J21+180 -> 46092 | L21: İhtiyac.Kredisi | M21: 4444//123456//9001//İhtiyac.Kredisi
